sample1	sample2	sample3	sample4	sample5	sample6	sample7	sample8	sample9	sample10	sample11	sample12	sample13	sample14	sample15	sample16	sample17	sample18	sample19	sample20	sample21	sample22
ASV_1	38949	72813	40	11168	35600	23620	12152	173	0	81	23230	12721	0	0	77	1587	786	10036	11347	2568	360	948
ASV_2	267	6579	0	4686	419	22925	5971	130	10485	701	3908	6537	18002	4642	0	7212	9392	1236	93768	0	21726	5269
ASV_3	8789	8009	885	74	3483	717	10883	3020	719	483	1062	3528	455	1273	19326	403	1779	365	3105	9441	288	2269
ASV_4	1551	1298	137	25	1342	267	2252	668	58	0	205	585	34	769	3520	25	910	43	464	2176	85	356
ASV_5	19694	7467	1048	202	11748	2618	16440	4718	599	476	1537	4094	458	2402	24566	309	6177	339	3271	13996	677	3949
ASV_6	789	824	60	2149	288	26	1212	420	36	177	79	248	65	370	641	57	405	64	354	962	25	698
ASV_7	12114	4614	647	157	6568	1173	15227	3936	272	352	1088	1907	236	4002	23973	257	4312	218	2010	14388	326	2762
ASV_8	1809	1574	148	306	985	190	5039	1511	138	1395	170	1036	137	1371	2163	209	1779	144	828	1904	160	2178
ASV_9	610	1733	325	10	606	235	2068	340	130	100	81	1029	110	288	7670	93	364	93	463	2427	33	497
ASV_10	340	40	0	1242	187	37	291	359	18	87	18	195	7	654	483	25	502	20	138	211	14	285
ASV_11	1372	1175	103	174	1364	152	4436	1550	160	152	138	571	503	1632	2214	137	1016	195	889	1313	165	1201
ASV_12	1673	968	97	21	817	165	2572	826	116	83	225	316	97	283	2903	29	426	28	338	2486	37	394
ASV_13	402	165	33	1003	133	66	999	78	334	173	51	180	34	189	545	77	334	0	63	151	40	348
ASV_14	1355	575	79	65	945	202	1284	520	43	0	147	239	0	635	2718	25	290	49	218	1314	93	364
ASV_15	0	0	0	259	0	14940	1499	0	10	0	1773	763	0	0	0	28	0	581	11261	0	11857	383
ASV_16	697	1086	928	404	1345	760	1594	611	908	233	90	372	262	206	20496	114	1485	139	135	13406	296	508
ASV_17	706	27	64	369	69	58	1569	187	0	123	55	77	0	303	708	0	340	38	58	281	32	130
ASV_18	60	26	0	0	213	44	307	49	0	0	25	30	0	34	582	0	93	0	0	300	33	171
ASV_19	520	372	797	133	407	112	1974	533	312	198	81	422	145	333	472	95	258	86	566	461	88	467
ASV_20	63	0	45	1650	195	232	114	0	1952	115	90	16	1074	567	0	1781	241	74	75	0	120	0
ASV_21	497	915	134	59	344	91	1555	461	120	141	64	207	100	636	860	85	360	112	283	743	100	859
ASV_22	218	58	0	5266	58	947	144	56	10257	1627	260	64	19636	175	117	2011	0	124	32	53	10826	93
ASV_23	152	611	58	744	50	68	614	252	417	92	125	226	720	118	0	1216	5780	240	421	40	1182	2629
ASV_24	559	813	72	20	550	130	1587	438	15	18	92	227	33	230	2514	38	466	0	265	1734	22	309
ASV_25	0	300	98	78	851	232	68	215	1308	680	0	214	270	13847	34	492	50	145	84	0	130	1175
ASV_26	0	0	0	412	178	197	0	0	468	1062	0	0	180	80	0	59	141	0	0	0	1779	243
ASV_27	83	142	12	36	114	296	380	116	1484	715	54	49	66	21832	282	191	0	28	72	168	178	159
ASV_28	724	840	48	19	430	27	1095	325	41	69	55	425	49	610	677	41	236	70	232	558	30	913
ASV_29	627	640	30	17	207	47	1339	491	39	173	37	351	19	320	676	40	430	53	299	243	40	342
ASV_30	420	412	36	0	325	62	620	222	16	713	23	162	40	454	481	28	148	63	69	507	24	350
ASV_31	0	270	3	0	41	0	67	28	6	54	18	23	0	67	106	0	31	0	4	77	18	73
ASV_32	892	1684	315	66	274	333	1820	211	162	166	117	301	114	146	7617	124	582	51	605	4948	42	295
ASV_33	133	0	58	0	1880	9	300	327	0	0	0	976	11	50	0	11	22	13	469	100	0	390
ASV_34	615	396	61	0	202	48	579	224	53	19	24	175	41	113	321	41	83	15	67	349	40	277
ASV_35	0	0	7	459	0	18	0	0	192	36	34	0	1928	879	0	12633	6619	75	719	23	2133	0
ASV_36	552	239	25	0	194	65	410	166	0	54	65	207	14	81	958	21	103	0	63	571	44	34
ASV_37	0	0	0	1409	120	40	0	0	359	0	10	29	198	644	0	91	152	0	0	0	121	136
ASV_38	256	0	26	634	0	75	26	0	1017	115	59	0	2792	764	0	3568	7706	16	157	0	784	0
ASV_39	19917	0	4	0	0	0	0	0	0	6	0	0	0	0	71	0	0	0	0	30	0	0
ASV_40	203	0	0	154	0	0	84	0	0	71	0	0	0	0	0	0	0	0	24	54	0	0
ASV_41	48	228	33	2137	4603	157	0	0	935	145	17	218	409	2105	0	280	96	44	36	0	58	543
ASV_42	0	21	82	141	804	0	0	63	46	751	13	286	24	368	0	0	33	0	263	37	0	84
ASV_43	0	0	22	135	33	90	0	0	97	13	29	14	312	375	0	105	176	44	0	0	68	0
ASV_44	72	194	127	0	58	10	266	170	38	9	7	153	14	84	161	33	50	40	89	254	28	127
ASV_45	29	34	0	0	0	10	47	24	15	0	0	10	31	34	44	0	0	0	0	50	23	42
ASV_46	0	0	0	446	0	546	0	0	4993	0	186	0	933	319	0	681	63	21	0	0	4483	0
ASV_47	192	0	15	0	112	0	0	0	20	464	0	0	0	0	0	0	0	0	0	64	18	0
ASV_48	0	0	116	379	435	315	0	0	1521	770	157	179	162	141	0	284	576	62	137	37	667	0
ASV_49	594	0	14	0	225	0	0	27	18	614	0	0	0	25	0	0	0	0	22	58	0	41
ASV_50	69	0	0	1458	0	371	0	0	680	0	98	0	3707	993	0	333	2380	153	0	0	757	0
ASV_51	43	0	0	0	0	0	0	0	0	339	0	0	0	23	0	3	0	0	0	0	6	0
ASV_52	30	164	13	136	8094	0	3	0	0	489	0	141	72	104	0	0	0	10	27	0	0	157
ASV_53	0	0	9	4	0	0	0	0	3	0	0	0	10507	2693	0	185	155	0	0	0	29	0
ASV_54	0	0	49	48	0	11	0	0	28	0	0	0	265	8	0	150	12065	0	92	0	74	0
ASV_55	0	54	20	1785	0	165	0	32	833	0	94	24	2291	0	0	413	0	152	0	0	840	0
ASV_56	0	277	0	0	0	0	450	0	0	238	7	0	47	52	114	11	75	0	61	70	11	41
ASV_57	113	303	19	0	61	31	130	53	30	57	6	98	6	86	78	15	380	23	126	313	8	326
ASV_58	0	0	0	56	0	120	0	0	96	0	104	0	136	0	0	383	0	0	0	0	12960	0
ASV_59	109	0	8	4198	0	1831	0	0	499	0	32	0	238	0	57	177	40	34	16	40	3136	0
ASV_60	32	0	6	233	1260	71	272	530	129	312	0	464	365	106	0	77	97	0	812	351	34	28
ASV_61	190	196	0	18	54	0	261	70	0	0	28	0	0	91	350	0	115	0	0	239	31	188
ASV_62	168	151	18	0	22	35	341	38	19	229	0	77	8	0	0	12	257	0	112	133	0	42
ASV_63	85	0	18	47	47	117	0	37	183	314	34	28	836	1425	51	72	296	21	406	4	216	0
ASV_64	0	0	0	2481	0	287	0	0	4144	0	134	0	2016	0	0	866	0	1861	0	0	371	0
ASV_65	197	96	18	32	90	23	113	134	19	88	20	89	87	174	188	20	79	27	48	259	16	149
ASV_66	36	264	11	2691	2880	0	0	0	0	509	48	186	0	0	0	0	0	0	276	173	684	186
ASV_67	0	0	8	0	106	0	0	0	0	0	0	10843	0	20	0	0	0	0	0	0	0	0
ASV_68	0	0	8	955	12	200	0	15	260	63	121	17	2102	349	0	305	1844	60	12	0	470	59
ASV_69	0	0	15	1165	0	122	0	0	526	0	31	0	5001	1875	0	607	112	37	32	0	239	0
ASV_70	123	0	42	0	606	0	0	20	0	1391	0	153	0	140	0	0	0	0	208	239	0	0
ASV_71	99	0	35	2108	46	298	0	32	328	35	37	0	754	348	0	202	1417	259	0	0	320	31
ASV_72	146	128	27	5	240	0	216	73	13	20	0	118	8	155	66	18	84	14	0	69	7	746
ASV_73	38	27	22	0	86	16	406	66	19	0	10	11	11	66	27	0	7	11	66	129	0	133
ASV_74	0	0	0	5166	0	13	0	0	207	0	74	0	1784	0	0	2005	321	58	0	0	559	0
ASV_75	258	40	8	0	244	42	148	160	0	19	23	34	0	123	498	14	105	4	43	265	19	34
ASV_76	0	0	0	0	73	0	69	31	0	245	0	97	0	22	0	0	0	0	0	15	0	797
ASV_77	0	122	0	0	0	0	194	86	0	25	27	0	28	258	129	26	56	12	45	0	26	196
ASV_78	198	20	48	0	2839	0	0	1676	0	204	0	1933	0	0	0	0	0	0	272	165	0	0
ASV_79	228	150	14	58	0	109	146	21	107	49	11	61	0	122	177	0	45	28	87	12	27	93
ASV_80	205	0	0	0	53	10	595	59	18	84	0	0	0	145	0	13	101	19	0	127	0	149
ASV_81	0	0	0	131	0	0	0	0	135	0	30	0	9098	0	0	26	0	0	0	0	29	0
ASV_82	0	0	157	5	153	85	0	6	592	312	30	37	12	777	0	84	0	11	74	58	261	0
ASV_83	0	135	0	1103	0	472	0	0	728	0	62	22	2602	213	235	318	461	79	145	0	602	49
ASV_84	27	0	144	0	32	0	0	29	0	47	0	60	0	19	0	0	0	0	31	0	0	0
ASV_85	0	0	0	619	0	851	0	0	2992	0	128	0	2856	0	0	448	0	50	0	0	554	0
ASV_86	0	0	0	849	74	2	0	19	101	13	0	6	321	2981	0	492	1364	10	0	0	21	45
ASV_87	123	63	17	0	14	7	172	99	35	40	0	34	7	196	82	0	21	13	85	0	0	110
ASV_88	35	472	0	32	944	12	48	88	0	211	0	2489	0	334	0	0	21	0	352	42	9	10
ASV_89	144	0	19	722	0	259	0	0	192	0	41	0	709	864	0	223	311	28	67	0	191	0
ASV_90	399	143	13	0	214	0	0	49	0	799	0	116	0	0	0	0	0	0	115	0	0	89
ASV_91	10	0	80	0	365	0	0	488	0	2144	0	542	0	133	0	0	14	11	92	760	0	234
ASV_92	85	57	0	0	23	0	580	0	0	0	11	0	0	42	256	0	30	0	14	58	0	13
ASV_93	46	0	9	49	1032	17	277	0	0	137	0	807	0	186	0	0	134	0	194	105	6	57
ASV_94	0	42	0	2962	0	20	0	0	220	0	39	0	4186	38	0	116	223	16	5	0	65	0
ASV_95	58	0	9	0	45	0	0	0	623	105	0	0	32	788	0	79	0	0	0	0	0	0
ASV_96	0	13	3	18	485	0	1041	0	8	0	0	0	80	203	0	0	30	22	442	147	58	7
ASV_97	0	11	184	110	651	0	0	131	29	330	0	82	74	29	0	81	74	0	0	82	0	13
ASV_98	0	0	0	2927	0	179	0	0	1897	0	195	0	56	0	0	312	0	319	0	0	1303	0
ASV_99	0	0	0	85	0	191	0	0	1219	487	107	0	3163	9	0	283	0	0	0	416	25	0
ASV_100	0	0	0	1103	0	413	0	0	633	0	43	0	3991	0	0	662	0	51	0	0	395	0
ASV_101	55	0	0	147	54	114	0	27	208	0	110	91	63	231	0	83	821	0	42	0	141	0
ASV_102	0	0	0	214	55	202	62	5	53	8	0	86	256	0	0	34	72	93	10	50	74	0
ASV_103	0	0	0	0	0	0	0	0	0	0	62	0	40	44	0	764	465	0	111	0	936	329
ASV_104	405	262	14	0	184	27	165	120	9	0	13	29	7	114	692	0	80	11	74	221	101	113
ASV_105	0	111	0	0	68	0	82	0	0	0	0	54	12	61	116	0	46	0	41	19	7	49
ASV_106	0	35	0	0	112	7	0	86	0	109	22	46	10	0	79	25	259	7	60	114	0	0
ASV_107	0	0	0	9	0	0	0	0	0	0	0	1360	4	0	0	8	9	0	0	26	9	1509
ASV_108	158	0	0	0	21	4	227	32	0	52	7	20	0	7	93	0	71	0	45	60	12	34
ASV_109	0	41	41	0	318	0	0	96	0	610	0	73	0	0	0	0	0	0	107	194	0	0
ASV_110	76	82	0	23	855	0	0	45	0	374	0	320	0	77	0	0	25	0	444	401	0	0
ASV_111	37	57	0	0	10	0	0	0	0	248	0	336	0	0	0	0	33	0	0	0	0	1471
ASV_112	6	45	14	282	423	116	0	24	154	162	0	98	254	306	0	68	50	0	72	27	69	123
ASV_113	0	47	12	10	25	0	126	161	53	73	0	42	0	709	0	0	65	0	41	39	0	1182
ASV_114	0	164	0	0	103	5	56	55	15	3	0	0	22	56	173	0	37	7	74	50	0	43
ASV_115	0	177	0	0	0	0	93	151	7	7	8	8	7	0	0	16	0	16	64	60	11	54
ASV_116	0	42	35	22	100	0	0	61	50	613	13	102	25	28	0	0	124	35	0	408	43	783
ASV_117	370	0	26	384	0	55	0	52	50	22	10	0	202	1970	0	29	181	41	0	0	66	0
ASV_118	0	0	6	0	38	0	0	45	0	0	0	274	0	337	9	0	109	0	0	0	0	423
ASV_119	0	0	0	0	0	0	0	28	121	1695	0	39	21	1735	0	213	108	0	0	0	0	0
ASV_120	139	25	0	0	142	0	0	96	0	79	0	193	0	28	0	0	52	0	0	23	0	2908
ASV_121	0	59	0	0	0	0	0	0	0	68	0	44	0	51	103	0	227	0	0	101	0	0
ASV_122	24	0	19	0	0	0	0	436	0	11	0	0	0	0	0	0	0	0	0	851	0	0
ASV_123	43	33	14	4	648	4	0	75	0	428	0	52	0	42	0	0	0	0	95	179	7	60
ASV_124	0	0	0	0	0	0	0	0	12	0	0	0	0	0	0	0	0	0	0	0	0	213
ASV_125	0	0	0	828	65	352	0	0	728	0	143	0	2282	0	0	341	0	63	0	0	599	0
ASV_126	0	0	23	0	0	0	0	0	22	51	0	0	0	119	0	0	0	0	0	0	13	0
ASV_127	0	0	10	0	0	0	0	13	0	0	0	194	0	0	0	0	0	0	72	61	0	32
ASV_128	0	0	0	0	0	51	0	31	0	0	0	0	94	622	0	32	4018	27	0	0	37	0
ASV_129	38	164	0	14	105	0	0	0	0	517	0	0	0	0	0	0	0	0	339	15	0	0
ASV_130	0	0	0	217	19	1376	0	0	870	25	168	0	42	0	0	656	0	56	0	0	1015	48
ASV_131	0	7	0	0	88	0	0	127	0	190	0	164	0	86	0	0	0	0	6	0	0	547
ASV_132	281	69	0	0	46	0	0	0	24	0	0	49	0	58	362	0	0	0	0	0	0	91
ASV_133	12	0	12	261	0	73	0	0	55	0	36	0	891	1702	0	94	310	64	0	0	65	0
ASV_134	46	26	28	0	1338	0	0	37	0	143	0	4	0	100	0	0	0	0	75	32	13	0
ASV_135	327	199	0	0	67	74	269	32	0	0	0	53	0	30	1321	0	124	0	193	499	0	148
ASV_136	14	16	83	0	11	2	21	99	4	19	4	24	12	78	0	3	7	22	30	47	15	48
ASV_137	0	82	0	18	177	0	35	0	0	0	0	2989	0	114	0	11	180	0	0	0	0	0
ASV_138	0	25	42	0	0	0	0	0	164	0	0	51	283	1155	0	138	143	49	0	0	105	22
ASV_139	33	0	0	82	199	0	0	0	49	116	0	556	0	1079	0	40	0	0	0	0	0	0
ASV_140	0	9	41	0	133	0	0	196	9	226	0	207	0	0	0	0	0	0	14	411	27	32
ASV_141	35	11	5	0	41	4	38	48	12	36	0	111	8	31	0	3	0	5	87	116	0	102
ASV_142	0	0	0	127	0	42	0	0	273	211	22	0	245	160	55	316	30	0	0	0	90	495
ASV_143	0	0	0	0	0	0	0	0	113	0	0	0	179	1058	0	0	0	0	0	0	0	85
ASV_144	40	0	0	0	28	25	0	0	0	51	27	169	0	0	0	0	60	0	0	94	0	52
ASV_145	125	0	33	31	220	22	0	0	82	476	0	85	43	74	0	14	176	30	59	11	84	71
ASV_146	0	73	13	0	0	15	14	22	14	0	0	42	16	0	0	0	35	9	22	182	0	144
ASV_147	0	0	0	1136	0	58	0	2	0	0	0	0	205	1208	0	267	554	0	56	0	73	0
ASV_148	0	141	0	223	0	108	0	0	104	100	20	0	190	146	0	80	269	0	27	0	117	0
ASV_149	0	0	0	0	158	0	0	201	42	135	0	165	0	0	0	0	0	0	0	238	0	0
ASV_150	119	0	20	194	0	0	0	0	1681	0	33	0	286	0	0	71	1473	79	0	0	24	0
ASV_151	0	0	0	0	231	0	0	0	0	23	0	74	0	0	0	0	0	0	12	86	0	0
ASV_152	3	0	0	744	0	155	0	0	816	0	44	0	2225	0	0	310	0	84	0	11	105	0
ASV_153	0	0	0	723	0	168	0	0	932	21	30	0	535	134	0	238	278	50	0	0	627	0
ASV_154	0	90	0	0	49	37	0	21	30	20	0	66	0	23	93	0	86	28	0	0	51	60
ASV_155	0	0	10	28	0	0	0	68	0	173	0	87	0	140	0	0	54	0	0	0	53	1044
ASV_156	0	62	0	84	0	68	32	0	23	0	0	87	102	90	0	34	0	201	0	17	0	47
ASV_157	0	0	0	347	0	0	0	0	3142	0	153	0	461	0	0	172	0	153	0	0	132	0
ASV_158	0	0	0	30	106	0	73	0	0	49	0	197	0	44	57	0	0	0	229	291	0	0
ASV_159	0	30	0	0	0	5	256	0	7	12	0	34	0	0	0	0	48	0	18	21	0	40
ASV_160	108	152	12	0	51	26	500	155	0	19	22	45	12	53	302	0	49	0	25	394	0	63
ASV_161	0	17	0	1853	17	137	0	0	440	0	16	0	1103	0	0	108	0	62	66	0	159	0
ASV_162	286	0	11	31	452	0	21	0	0	57	0	24	0	30	0	0	148	0	0	22	0	935
ASV_163	0	0	0	1269	0	69	0	0	403	0	98	0	1175	0	0	949	0	100	0	0	145	0
ASV_164	0	0	0	734	15	210	93	0	491	0	254	0	749	0	0	256	0	42	0	0	372	0
ASV_165	72	201	0	0	214	0	0	0	0	196	0	23	0	0	0	0	0	0	0	0	0	0
ASV_166	31	0	0	0	597	36	0	69	15	89	0	751	0	15	0	0	86	0	614	0	0	347
ASV_167	0	107	9	12	157	13	138	40	4	5	0	203	14	93	0	0	97	0	5	0	0	0
ASV_168	152	493	0	21	291	0	0	70	0	231	0	22	0	142	0	0	0	0	40	444	0	0
ASV_169	0	0	0	0	0	0	0	0	170	0	0	0	77	74	66	0	1009	0	0	0	139	79
ASV_170	0	0	60	0	611	0	0	119	0	391	0	62	0	0	0	0	0	0	57	402	0	0
ASV_171	0	0	13	0	68	0	491	0	5	0	0	0	12	0	72	0	0	0	54	0	0	44
ASV_172	0	0	12	0	270	0	0	0	0	90	0	67	0	26	0	0	163	0	14	0	0	0
ASV_173	0	63	0	0	78	0	35	116	0	0	0	16	35	0	0	0	277	12	45	0	14	16
ASV_174	0	0	402	0	185	13	0	35	37	0	0	0	0	0	0	0	0	0	69	55	0	82
ASV_175	0	0	0	461	0	52	0	0	266	0	43	0	773	164	0	180	1276	50	0	0	236	0
ASV_176	0	0	0	192	0	0	0	0	38	0	12	0	105	223	0	0	305	0	0	0	72	0
ASV_177	0	0	0	125	46	66	0	0	111	56	0	27	68	27	0	0	36	0	0	16	25	0
ASV_178	0	0	0	1079	0	56	0	0	365	0	45	0	2047	0	0	142	0	56	0	0	74	0
ASV_179	0	0	0	0	1544	0	0	453	0	283	0	1080	0	0	0	0	0	0	65	276	0	0
ASV_180	13	0	0	14	308	0	0	0	0	177	0	213	10	131	0	0	24	0	445	0	0	77
ASV_181	13	0	0	0	742	0	0	87	72	98	0	0	0	287	0	19	146	4	19	0	0	315
ASV_182	0	0	0	105	0	0	0	0	2842	0	7	0	73	0	0	211	0	138	0	0	453	0
ASV_183	68	132	13	0	26	21	34	0	0	0	8	0	0	0	29	0	59	0	0	161	0	137
ASV_184	0	0	0	0	227	0	47	384	0	1124	0	43	0	116	0	0	0	0	34	150	0	0
ASV_185	48	0	56	349	0	94	0	120	77	215	8	66	409	95	0	51	46	25	0	0	81	58
ASV_186	39	0	53	0	31	0	0	0	24	42	0	441	0	447	0	0	87	0	0	98	0	112
ASV_187	96	214	140	0	227	20	409	132	8	73	5	37	0	68	0	8	26	0	194	339	0	416
ASV_188	0	0	0	807	0	186	0	0	578	0	57	0	1238	0	0	224	0	139	0	0	276	0
ASV_189	0	0	0	287	0	74	0	0	601	0	53	0	389	0	0	72	0	77	0	0	1651	0
ASV_190	0	0	0	603	0	273	0	0	390	0	196	0	995	0	0	325	26	90	0	0	173	0
ASV_191	0	0	0	1157	0	107	0	0	87	0	9	0	1355	49	0	84	477	68	0	0	70	0
ASV_192	0	10	0	1820	0	7	0	0	74	0	14	0	983	262	0	72	173	3	0	0	11	0
ASV_193	0	28	0	0	383	0	0	4	0	1176	0	180	0	0	0	0	0	0	45	379	0	0
ASV_194	0	145	0	0	49	0	0	116	0	793	0	47	0	21	67	0	0	0	0	132	0	0
ASV_195	112	0	0	733	0	273	0	0	280	26	200	18	537	102	0	83	152	35	0	0	141	0
ASV_196	85	0	11	0	85	0	0	87	0	375	0	132	0	4	0	0	0	0	0	14	0	1548
ASV_197	24	0	17	152	0	0	0	0	42	23	19	7	140	473	0	0	295	0	72	0	95	24
ASV_198	31	332	0	8	254	9	0	0	0	172	0	24	0	71	0	0	29	0	16	0	0	7
ASV_199	0	0	10	0	74	0	0	235	0	2249	0	109	0	23	0	0	0	0	0	147	0	0
ASV_200	0	65	0	0	0	0	0	157	7	0	0	0	0	206	85	0	0	4	67	0	0	0
ASV_201	0	0	51	240	0	57	0	0	36	0	28	42	353	61	0	120	336	15	0	0	47	0
ASV_202	0	0	0	444	0	74	0	0	85	0	3	3	1923	0	0	117	0	0	0	0	568	0
ASV_203	0	0	16	0	0	0	0	0	0	44	0	0	182	2282	0	0	0	0	0	0	0	0
ASV_204	0	0	0	463	0	105	0	0	297	0	31	0	2130	0	0	99	0	33	0	0	203	0
ASV_205	0	0	23	0	0	0	28	0	0	0	0	112	0	0	0	0	10	0	0	60	0	69
ASV_206	27	0	0	0	83	0	76	23	0	638	0	88	0	27	0	0	0	0	40	64	0	0
ASV_207	0	0	0	15	0	0	0	0	12	0	0	220	46	0	0	18	0	22	0	0	0	0
ASV_208	0	62	0	0	0	0	0	48	0	0	13	1565	0	143	0	0	138	0	0	0	0	129
ASV_209	0	140	13	0	648	0	0	0	0	100	0	328	0	54	0	0	0	0	265	29	0	0
ASV_210	12	0	0	521	25	44	0	0	45	19	0	0	242	84	0	86	78	44	40	0	72	68
ASV_211	0	0	0	221	0	95	0	0	265	0	27	0	476	112	0	104	51	45	0	0	458	0
ASV_212	0	0	0	2203	0	65	0	0	117	0	0	0	499	0	0	75	0	101	0	0	53	0
ASV_213	0	0	0	297	0	234	0	0	289	0	51	0	763	0	0	161	0	27	0	0	247	0
ASV_214	0	0	0	813	0	0	0	0	325	0	70	0	116	0	0	499	0	39	0	0	866	0
ASV_215	0	37	653	0	0	0	0	0	0	241	0	66	0	0	0	0	13	0	17	21	0	0
ASV_216	33	0	0	22	31	0	0	0	0	109	0	0	0	43	0	0	0	0	0	0	0	0
ASV_217	270	0	0	0	91	0	0	0	0	357	0	0	0	0	0	0	0	0	39	0	0	0
ASV_218	0	0	0	0	0	0	0	0	9	34	4	33	0	0	0	0	56	0	132	94	0	13
ASV_219	0	0	19	230	36	168	0	0	152	9	17	0	1311	0	0	101	30	35	29	0	547	0
ASV_220	0	0	6	583	0	166	0	0	132	0	9	0	569	324	0	110	487	150	0	0	64	0
ASV_221	0	0	9	54	0	48	57	0	97	316	16	34	47	301	0	19	295	25	13	0	40	0
ASV_222	0	0	0	321	54	105	0	15	59	30	0	0	158	121	0	65	132	44	0	18	48	9
ASV_223	18	0	15	0	49	0	0	2562	0	119	0	22	0	0	0	0	0	0	21	248	0	0
ASV_224	0	0	0	43	0	109	0	0	2166	0	0	0	79	0	0	305	0	57	0	0	78	0
ASV_225	68	85	0	0	135	0	0	0	0	919	0	90	0	0	0	0	0	0	0	51	0	130
ASV_226	0	0	0	0	0	0	0	35	0	0	0	0	3	0	0	0	69	0	0	0	0	2767
ASV_227	0	0	0	0	18	178	0	32	429	0	0	146	0	277	0	530	22	535	0	24	59	35
ASV_228	114	0	9	0	34	0	0	0	5	63	0	9	0	0	0	0	0	0	57	0	0	0
ASV_229	0	0	0	1026	0	249	0	0	293	0	72	0	399	0	0	368	0	29	0	0	380	0
ASV_230	0	0	0	216	0	101	0	0	830	0	0	0	238	151	0	347	197	0	0	0	383	0
ASV_231	0	28	0	0	80	0	0	71	0	117	0	0	0	0	0	0	14	0	11	62	0	144
ASV_232	0	0	0	0	573	0	0	0	0	181	0	103	0	19	0	0	0	0	678	121	0	0
ASV_233	51	117	40	45	48	0	41	0	40	0	0	0	44	0	307	36	54	0	0	253	44	79
ASV_234	56	76	0	10	1250	0	0	37	0	291	0	0	13	0	0	0	11	0	34	0	0	0
ASV_235	0	0	0	501	0	84	0	0	408	0	93	0	1000	0	0	458	0	0	0	0	157	0
ASV_236	0	0	82	0	138	0	0	266	0	146	0	63	0	0	0	0	0	0	0	177	0	0
ASV_237	0	107	0	0	86	0	0	0	0	29	0	0	0	103	0	0	0	0	41	0	0	17
ASV_238	0	0	25	0	564	0	0	35	37	0	0	0	0	141	0	0	37	9	66	0	14	181
ASV_239	0	0	0	361	41	126	0	0	27	0	11	0	401	145	0	33	56	106	0	0	85	0
ASV_240	0	0	0	0	0	0	0	0	0	0	0	228	0	0	0	0	0	0	0	0	0	2081
ASV_241	0	0	0	868	0	0	0	0	89	0	0	0	912	0	0	83	0	27	0	0	360	0
ASV_242	0	31	0	0	91	0	0	14	0	313	0	23	0	0	0	0	0	0	5	373	0	0
ASV_243	0	9	6	0	0	0	319	0	0	0	0	0	14	23	0	4	0	6	0	25	6	42
ASV_244	0	34	5	0	339	0	36	16	0	228	0	58	0	0	0	0	0	0	0	150	0	0
ASV_245	0	0	0	0	116	114	0	0	332	0	23	0	473	0	0	108	124	35	0	0	104	0
ASV_246	0	0	0	1384	0	147	0	0	75	0	49	0	462	0	0	49	0	60	0	0	101	0
ASV_247	0	12	0	0	0	0	34	0	0	226	0	34	0	0	0	0	0	0	52	0	0	0
ASV_248	67	0	30	75	55	0	0	15	0	206	0	0	0	32	0	0	37	0	0	168	0	41
ASV_249	24	36	16	4	108	0	407	578	0	0	0	250	0	41	0	0	4	0	486	321	0	125
ASV_250	28	0	6	0	107	0	0	0	0	476	0	0	0	0	0	0	0	0	15	43	0	0
ASV_251	0	0	0	0	111	0	0	64	0	494	0	83	0	0	0	0	0	0	0	206	0	15
ASV_252	56	0	0	0	381	0	0	0	0	92	0	0	0	107	0	0	92	0	26	29	0	201
ASV_253	129	0	0	416	0	107	0	0	137	0	0	0	777	0	11	93	0	42	0	0	127	0
ASV_254	0	0	0	0	0	0	0	39	0	0	0	0	14	13	25	2	0	0	0	31	7	110
ASV_255	0	0	0	0	813	0	0	0	12	24	0	0	0	120	0	53	24	0	0	0	0	0
ASV_256	0	0	0	50	0	0	0	0	35	0	0	0	81	0	0	156	0	118	0	0	1918	0
ASV_257	167	0	7	0	97	0	0	0	0	359	0	0	0	0	0	0	0	0	0	87	0	0
ASV_258	0	0	1123	2	0	20	0	12	58	0	0	0	0	0	0	0	0	29	0	396	24	0
ASV_259	0	0	0	0	74	0	0	10	0	0	0	46	0	0	0	0	0	0	0	39	0	1169
ASV_260	0	23	0	0	0	0	0	0	0	610	0	92	0	81	0	0	0	0	37	201	0	64
ASV_261	0	0	0	418	0	135	0	0	797	0	41	0	271	0	0	212	0	0	0	0	119	0
ASV_262	41	0	0	0	1035	0	0	758	0	0	0	67	0	0	0	0	0	0	40	392	0	0
ASV_263	0	0	0	158	0	0	45	0	980	0	37	0	283	0	0	56	0	182	0	34	189	0
ASV_264	0	0	24	0	108	0	0	230	0	327	0	192	0	169	0	0	159	0	0	61	0	273
ASV_265	0	0	15	0	0	0	0	0	0	0	0	0	0	0	0	0	0	0	0	0	0	1277
ASV_266	104	61	0	0	0	0	0	30	0	160	0	0	0	0	0	0	0	0	6	0	0	0
ASV_267	0	0	16	0	35	0	90	0	0	0	0	72	0	0	0	0	0	2	0	0	0	0
ASV_268	0	0	0	0	388	0	0	0	0	22	0	54	0	0	0	0	0	0	120	0	0	0
ASV_269	0	0	0	209	0	107	0	0	67	0	0	0	373	275	0	0	345	0	0	0	54	0
ASV_270	0	0	0	331	0	194	0	0	140	0	0	0	372	75	0	91	63	14	0	0	138	0
ASV_271	0	0	0	0	181	0	112	48	0	120	0	58	0	176	0	0	0	0	12	29	0	628
ASV_272	0	0	71	0	24	10	0	209	57	95	0	85	5	0	0	11	0	5	0	147	0	0
ASV_273	0	0	0	751	0	74	0	0	156	0	22	0	920	0	0	138	0	0	0	0	104	0
ASV_274	0	0	0	796	0	30	0	0	191	0	15	0	891	0	0	56	0	0	0	0	132	0
ASV_275	0	54	0	0	0	0	19	19	0	0	0	0	0	0	100	0	0	0	57	16	0	0
ASV_276	147	0	0	0	219	0	0	0	26	22	0	41	3	60	0	0	0	0	35	0	26	0
ASV_277	0	0	0	17	28	205	0	0	1340	0	0	0	0	0	0	194	0	12	31	0	40	0
ASV_278	115	0	0	0	105	7	241	37	0	0	11	0	0	24	113	0	41	0	81	122	0	12
ASV_279	34	0	0	0	475	0	0	0	0	877	0	74	0	43	0	0	0	0	0	0	0	0
ASV_280	0	0	0	20	0	208	0	0	115	9	15	0	84	0	0	37	0	52	0	0	751	0
ASV_281	0	0	0	0	125	0	0	0	0	0	0	106	0	0	0	0	0	0	72	0	0	0
ASV_282	0	0	0	89	0	48	0	0	416	0	0	30	93	0	0	38	0	101	0	0	22	0
ASV_283	0	0	0	0	203	0	185	0	0	0	0	47	0	0	0	0	0	0	59	29	0	0
ASV_284	0	12	0	0	0	0	0	0	298	0	0	0	132	0	0	39	0	0	0	0	0	0
ASV_285	0	0	0	157	0	8	0	0	62	0	7	0	60	0	0	91	820	0	14	0	34	86
ASV_286	0	0	0	105	0	0	0	0	0	0	0	0	0	0	0	0	0	0	0	0	215	0
ASV_287	0	0	0	7	25	19	0	25	53	33	0	39	44	0	0	15	0	10	0	39	0	55
ASV_288	0	0	0	457	0	24	0	17	487	0	31	0	261	0	0	42	21	41	0	0	86	20
ASV_289	0	0	0	216	0	122	0	0	743	26	33	0	277	0	0	268	0	69	0	0	119	0
ASV_290	0	0	0	0	0	5	0	0	11	307	0	28	9	0	63	0	0	9	0	0	0	21
ASV_291	0	0	0	35	0	48	0	0	23	0	0	0	322	0	0	80	0	187	0	0	63	0
ASV_292	30	0	0	0	201	0	0	99	0	45	0	29	0	25	0	0	76	0	0	41	0	812
ASV_293	74	0	0	70	20	0	0	0	0	40	0	74	74	0	0	0	76	31	0	0	46	0
ASV_294	33	0	0	23	0	58	102	0	59	114	28	147	58	0	0	93	0	0	59	0	29	0
ASV_295	0	0	0	371	0	99	0	0	61	0	9	0	260	0	0	59	133	26	0	0	108	0
ASV_296	166	0	0	0	37	0	0	0	0	0	0	0	0	0	26	0	0	0	0	0	0	0
ASV_297	0	0	0	0	304	0	0	54	0	39	0	0	0	0	0	0	0	0	0	0	0	1104
ASV_298	0	0	0	0	0	0	0	0	0	0	0	0	0	90	0	22	748	0	0	0	0	0
ASV_299	0	0	128	0	0	0	0	103	0	162	0	0	0	32	0	0	0	0	0	172	0	0
ASV_300	0	0	0	273	0	42	0	0	140	0	0	22	245	0	0	119	0	80	0	0	52	0
ASV_301	0	44	0	4	64	0	49	61	0	0	0	0	0	0	0	11	15	3	0	9	0	9
ASV_302	18	44	0	0	296	0	0	12	0	75	0	12	0	50	0	0	0	0	22	192	0	24
ASV_303	0	0	0	0	302	0	0	271	0	119	38	99	0	77	0	0	86	0	0	121	0	0
ASV_304	0	70	0	70	0	38	0	0	109	63	0	0	33	432	0	48	0	11	0	0	54	0
ASV_305	44	0	62	0	339	0	0	155	0	65	0	652	0	0	0	0	0	0	139	93	0	0
ASV_306	0	0	0	0	79	0	0	0	0	742	0	57	0	0	0	0	0	13	43	172	0	0
ASV_307	0	0	0	189	0	131	0	0	129	0	0	0	387	0	0	106	0	0	0	0	101	0
ASV_308	38	47	0	0	177	0	0	0	0	203	0	0	0	56	0	0	0	0	68	0	0	0
ASV_309	0	0	42	0	0	0	0	78	0	32	0	5	0	850	0	0	0	0	0	0	0	0
ASV_310	0	0	0	229	28	0	0	0	101	0	0	0	847	0	0	63	75	0	0	0	53	0
ASV_311	0	0	0	228	21	106	0	0	87	0	0	0	613	112	0	45	163	32	0	0	45	34
ASV_312	0	0	0	0	17	0	0	57	0	0	0	310	0	0	0	0	124	0	0	0	0	1245
ASV_313	0	0	0	0	0	0	0	0	0	0	0	0	0	0	0	0	0	0	0	0	0	834
ASV_314	0	0	0	682	0	0	0	0	41	0	39	0	509	0	0	0	0	0	0	0	28	0
ASV_315	0	180	0	0	286	0	0	120	0	0	0	0	0	0	0	0	0	0	30	0	0	0
ASV_316	0	0	0	530	0	0	0	0	133	0	0	0	310	768	0	0	24	56	0	0	0	0
ASV_317	53	10	20	0	15	0	247	82	0	9	0	171	0	37	0	0	0	0	31	0	0	37
ASV_318	0	60	0	36	173	0	9	25	0	21	0	179	100	44	0	0	36	61	0	39	0	0
ASV_319	305	21	0	0	60	0	0	24	0	0	0	0	0	0	130	0	21	0	0	37	0	51
ASV_320	0	0	0	87	0	0	0	0	53	0	46	0	362	34	0	126	0	48	0	0	0	0
ASV_321	0	0	9	67	0	0	0	0	31	0	0	0	94	1457	0	0	49	0	0	0	58	0
ASV_322	30	148	0	0	88	0	158	106	0	353	0	79	0	27	24	0	0	0	66	336	0	0
ASV_323	0	0	0	0	11	0	0	84	0	69	0	491	0	0	0	0	0	0	41	0	0	385
ASV_324	0	0	56	0	57	0	0	114	0	29	0	54	0	721	0	0	0	0	24	0	0	0
ASV_325	141	37	0	0	0	0	54	21	0	9	0	0	0	6	27	0	46	0	0	55	0	0
ASV_326	0	0	0	0	0	0	0	57	0	34	0	0	0	989	0	0	0	0	0	28	0	0
ASV_327	0	0	0	0	385	0	0	106	0	113	0	111	0	0	0	0	0	0	0	170	0	354
ASV_328	0	0	33	0	67	0	0	11	15	45	0	85	0	6	0	0	0	23	0	43	0	0
ASV_329	0	0	0	255	0	79	0	0	158	0	63	0	273	0	0	216	0	28	0	0	100	0
ASV_330	0	0	0	0	84	0	0	225	0	837	0	78	0	0	0	0	0	0	0	227	0	0
ASV_331	0	0	0	0	513	0	0	0	0	0	0	0	0	0	0	0	47	0	0	0	0	0
ASV_332	55	0	0	0	16	0	0	0	0	626	4	21	0	24	0	0	0	0	18	0	15	0
ASV_333	0	111	0	0	66	0	0	0	0	133	0	0	0	0	0	0	0	0	90	0	0	0
ASV_334	0	13	16	0	422	0	0	22	0	63	0	102	0	32	0	0	26	0	0	0	0	0
ASV_335	0	0	0	0	203	0	85	0	0	0	0	0	0	0	0	0	0	0	0	0	0	0
ASV_336	0	0	0	45	0	53	0	0	0	0	0	0	118	0	0	23	27	0	0	0	0	0
ASV_337	0	0	0	105	0	0	0	0	0	0	0	0	71	0	0	559	674	0	0	0	0	0
ASV_338	0	35	0	0	0	0	0	29	0	0	0	276	0	0	0	0	31	0	0	0	0	973
ASV_339	0	12	0	0	96	0	99	43	0	235	0	52	0	0	0	0	0	0	40	129	0	0
ASV_340	0	0	0	133	10	56	0	0	75	0	26	0	515	0	9	67	21	244	0	0	107	0
ASV_341	74	20	0	0	14	0	97	0	13	0	0	34	11	0	0	16	0	11	30	37	7	58
ASV_342	0	0	0	121	0	39	0	0	502	0	0	0	149	0	0	192	0	10	0	0	77	49
ASV_343	2	0	10	0	18	0	0	106	0	50	0	51	0	0	0	0	0	0	6	0	0	0
ASV_344	378	0	0	0	0	0	0	0	0	372	0	18	0	18	0	0	18	0	0	0	0	0
ASV_345	0	79	0	0	98	0	0	0	0	122	0	32	10	0	0	0	0	0	16	17	0	0
ASV_346	0	65	0	0	100	0	0	57	0	76	0	141	0	0	0	0	0	0	53	0	0	0
ASV_347	0	27	0	0	40	0	40	0	0	22	0	0	0	42	0	0	0	0	0	0	0	92
ASV_348	0	0	0	0	16	0	211	0	0	0	0	0	0	0	0	0	92	53	0	0	0	0
ASV_349	11	0	0	0	0	9	0	45	0	105	0	0	7	22	59	0	0	0	49	35	5	31
ASV_350	0	0	9	0	86	0	14	13	0	241	0	92	0	0	0	0	0	0	102	480	0	57
ASV_351	0	0	0	72	0	62	0	0	116	0	110	0	118	154	0	115	101	0	0	0	261	32
ASV_352	0	20	0	0	0	0	0	33	0	0	0	644	0	0	0	0	35	0	0	0	0	0
ASV_353	0	0	0	0	0	0	153	38	0	120	0	35	0	0	0	0	0	0	0	210	0	0
ASV_354	0	0	0	0	408	0	0	0	0	111	0	14	0	27	0	0	0	0	0	68	0	0
ASV_355	0	0	0	85	0	61	0	20	65	35	0	20	136	0	0	29	26	0	0	80	43	0
ASV_356	0	0	0	0	45	0	0	0	0	0	0	749	41	147	0	0	0	0	45	0	3	0
ASV_357	0	0	0	0	0	0	0	0	0	91	0	0	0	1155	0	0	0	0	0	0	0	0
ASV_358	0	0	0	216	0	84	0	0	179	0	10	0	681	0	0	62	34	20	0	0	109	0
ASV_359	0	0	0	347	0	223	0	0	216	0	0	0	27	28	0	136	129	228	0	0	96	0
ASV_360	0	0	0	32	18	0	0	0	8	0	0	0	56	49	0	56	461	0	0	0	0	0
ASV_361	0	0	0	289	0	39	0	0	39	0	0	0	232	266	0	22	102	17	0	0	32	0
ASV_362	0	0	0	69	0	33	0	0	96	0	41	0	40	0	0	39	0	0	0	0	70	0
ASV_363	0	0	0	203	0	51	0	0	61	0	0	0	75	0	0	51	156	0	0	0	0	0
ASV_364	40	19	0	0	34	0	10	0	0	23	0	0	0	56	0	0	0	0	57	0	0	0
ASV_365	0	0	0	281	0	127	0	0	546	0	0	0	69	0	0	85	0	0	0	0	431	0
ASV_366	0	0	20	57	59	0	0	19	19	35	0	35	109	0	32	17	0	29	0	95	27	0
ASV_367	122	0	0	106	0	0	0	0	51	0	0	0	73	0	0	0	0	0	0	0	24	0
ASV_368	0	0	0	7	67	0	0	0	20	0	0	0	0	107	0	9	66	0	0	0	0	0
ASV_369	33	135	39	0	208	0	364	57	0	0	0	0	0	0	0	0	0	0	51	312	0	253
ASV_370	0	0	0	0	51	0	237	0	0	0	0	0	0	0	0	0	0	0	0	44	0	0
ASV_371	0	0	15	0	75	0	0	50	0	177	0	17	0	0	0	6	0	0	0	291	0	0
ASV_372	0	0	0	49	0	0	0	0	0	0	0	0	0	298	0	0	1039	0	0	0	0	0
ASV_373	0	0	6	0	47	0	0	61	0	128	0	0	0	0	0	0	0	0	0	150	0	0
ASV_374	84	0	0	69	0	0	0	0	110	138	0	0	0	0	0	60	0	58	58	0	41	0
ASV_375	0	0	0	0	40	0	0	0	0	128	0	0	0	17	0	0	10	0	0	0	0	642
ASV_376	0	0	11	0	14	0	0	0	0	353	0	9	0	18	0	0	0	0	0	52	0	0
ASV_377	0	0	0	324	0	45	0	0	53	0	9	0	587	30	0	128	97	45	0	0	38	0
ASV_378	0	0	14	0	37	0	0	11	8	113	0	0	0	0	0	0	0	0	0	37	0	234
ASV_379	0	0	0	0	29	0	0	218	0	0	0	77	0	0	0	0	0	0	42	912	0	0
ASV_380	20	24	0	0	132	0	0	0	0	0	0	22	0	0	0	0	0	0	133	0	0	0
ASV_381	0	0	27	0	30	0	0	56	0	416	0	34	0	65	0	0	0	0	0	386	0	18
ASV_382	0	14	52	0	60	0	0	0	0	37	0	114	0	0	0	0	0	0	59	172	0	0
ASV_383	0	0	0	107	0	0	0	0	16	0	0	63	78	79	0	0	948	0	0	106	0	0
ASV_384	0	0	0	30	67	14	0	0	24	0	0	0	123	43	0	44	0	17	0	0	31	0
ASV_385	0	265	3	0	132	0	48	16	0	83	0	0	0	19	0	0	0	0	12	0	0	0
ASV_386	0	0	33	0	0	0	55	30	0	108	0	82	0	38	0	0	0	0	0	50	12	329
ASV_387	0	0	8	108	0	32	0	0	54	0	65	0	260	105	0	52	102	0	35	0	396	0
ASV_388	86	0	0	0	0	0	0	37	0	120	0	162	0	140	0	0	0	0	97	0	0	0
ASV_389	0	0	7	0	36	0	0	24	0	318	0	66	0	79	0	0	20	0	0	0	0	87
ASV_390	0	0	0	409	0	19	0	0	132	0	46	0	482	0	0	28	0	6	0	0	260	0
ASV_391	0	0	0	0	101	0	0	155	0	2	0	5	0	0	0	0	0	0	35	494	0	0
ASV_392	0	0	0	0	24	47	0	36	0	0	0	0	0	0	0	0	0	27	0	52	54	0
ASV_393	0	0	0	0	48	0	0	0	59	111	0	0	0	272	0	19	0	0	0	53	0	0
ASV_394	0	0	0	59	38	0	0	38	7	123	0	284	49	0	0	0	0	0	100	0	12	0
ASV_395	0	0	0	176	0	78	0	0	61	0	5	314	359	15	0	68	8	59	0	0	41	29
ASV_396	0	0	0	0	47	0	0	35	0	421	0	29	0	45	0	0	0	0	0	0	0	237
ASV_397	0	0	0	252	0	79	0	0	171	0	0	0	246	0	0	120	0	94	0	0	110	0
ASV_398	0	0	0	618	0	45	0	0	42	0	0	0	0	0	0	0	251	0	0	0	0	0
ASV_399	0	20	0	0	100	0	0	39	0	0	0	71	0	139	0	0	74	0	0	0	0	0
ASV_400	51	0	0	0	47	0	322	0	0	0	0	31	4	0	0	0	0	0	0	0	0	0
ASV_401	0	24	4	13	0	0	0	644	0	0	0	53	87	0	0	0	0	0	24	243	96	0
ASV_402	0	18	0	29	0	0	26	0	0	0	7	0	5	0	42	27	0	0	0	204	0	54
ASV_403	0	0	0	284	0	77	0	0	144	0	10	0	376	0	0	60	0	9	0	0	359	0
ASV_404	0	49	0	0	20	0	0	29	0	32	0	0	0	0	0	0	0	0	23	87	0	0
ASV_405	0	0	0	0	45	0	0	0	0	72	0	0	0	0	0	0	0	0	20	218	0	0
ASV_406	0	0	0	247	0	100	0	0	333	0	0	0	486	0	0	39	0	96	0	0	49	0
ASV_407	0	0	0	0	7	0	0	0	0	156	0	116	0	37	0	0	0	0	63	128	0	0
ASV_408	0	46	0	0	7	0	0	23	0	116	0	61	0	26	0	0	0	0	0	22	0	645
ASV_409	0	41	4	0	219	0	59	45	0	0	0	173	0	30	0	0	0	0	74	661	0	0
ASV_410	0	0	0	0	0	0	0	0	58	0	0	0	40	461	0	0	0	0	0	0	0	102
ASV_411	0	0	6	0	60	0	0	84	0	87	0	0	0	0	0	0	0	0	0	0	0	174
ASV_412	0	41	0	0	0	0	28	45	0	0	0	0	0	280	0	0	0	0	110	86	0	0
ASV_413	0	0	48	0	85	0	0	0	0	37	0	0	0	0	0	0	0	0	0	153	0	0
ASV_414	9	126	0	0	0	0	0	0	0	484	0	0	0	0	0	0	0	0	0	0	0	0
ASV_415	0	0	0	0	118	0	0	0	0	153	0	0	0	11	0	0	0	0	0	280	0	0
ASV_416	0	0	0	0	145	7	0	15	21	248	0	0	8	0	0	13	0	17	0	0	13	26
ASV_417	0	0	2	0	0	0	0	0	0	0	0	0	0	0	0	0	0	0	0	0	0	877
ASV_418	0	0	0	58	0	0	0	0	0	0	0	90	195	0	0	0	323	0	0	0	0	0
ASV_419	0	0	0	0	0	0	0	37	0	0	0	124	0	0	0	0	0	0	93	0	0	54
ASV_420	0	0	0	0	621	0	0	0	14	90	0	0	0	157	0	0	118	0	0	0	0	0
ASV_421	23	0	0	0	68	0	0	15	0	148	0	14	0	31	0	0	0	0	0	359	0	54
ASV_422	0	0	0	0	16	0	0	0	0	176	0	46	0	29	0	0	0	0	0	109	0	20
ASV_423	0	23	0	0	7	0	0	0	0	516	0	0	0	0	0	0	0	0	8	44	0	0
ASV_424	0	0	31	313	0	0	24	0	43	0	0	0	150	0	0	29	0	27	0	0	33	26
ASV_425	0	0	0	352	0	140	0	0	84	0	0	0	416	0	71	80	0	105	0	0	0	0
ASV_426	0	0	0	0	452	0	0	0	0	0	0	0	0	33	0	0	140	0	0	0	0	0
ASV_427	0	0	0	99	0	32	0	0	22	0	0	56	267	0	0	56	0	157	0	0	21	87
ASV_428	0	0	0	207	0	0	0	0	29	418	0	0	155	0	0	0	0	0	0	0	0	0
ASV_429	0	0	0	104	0	50	0	0	42	0	0	0	175	0	0	0	0	19	0	0	0	0
ASV_430	66	0	0	0	26	0	0	6	0	183	0	0	0	0	0	0	0	0	57	0	0	0
ASV_431	0	0	0	6	102	0	0	0	0	123	0	0	17	54	0	0	0	0	0	115	9	0
ASV_432	0	0	0	472	110	0	0	0	0	0	0	123	0	143	0	25	0	0	65	0	0	0
ASV_433	0	0	16	0	13	0	0	84	0	70	0	80	0	20	0	0	27	0	0	19	0	27
ASV_434	0	0	0	0	218	0	0	0	0	204	0	16	0	0	0	0	0	0	0	398	0	0
ASV_435	0	0	0	0	0	0	0	57	0	179	0	28	0	0	0	0	0	0	10	245	0	0
ASV_436	0	0	7	0	0	0	0	274	0	67	0	0	0	0	0	0	0	0	0	431	0	0
ASV_437	0	0	0	0	227	0	0	0	0	117	0	11	0	55	0	0	42	0	0	0	0	0
ASV_438	16	0	0	0	53	0	0	0	0	229	0	0	0	16	0	0	0	0	0	83	0	0
ASV_439	124	7	0	0	22	0	0	0	0	77	0	28	0	6	0	0	0	0	0	0	0	0
ASV_440	0	0	0	0	73	0	0	0	0	71	0	246	28	134	0	0	0	0	56	14	0	29
ASV_441	11	0	5	0	333	0	0	0	0	167	0	0	0	157	0	0	23	0	0	0	0	0
ASV_442	0	0	0	220	0	78	0	0	189	28	33	0	45	0	0	223	0	0	16	0	154	0
ASV_443	27	0	0	0	55	0	0	0	0	0	0	0	34	69	0	0	0	0	0	146	19	0
ASV_444	0	0	0	0	17	0	192	0	0	112	0	0	0	0	0	0	0	0	0	17	0	0
ASV_445	0	0	0	0	62	0	0	36	0	483	0	7	0	6	0	0	0	0	0	70	0	31
ASV_446	0	0	0	0	0	0	0	0	573	43	0	0	0	0	0	0	0	162	0	0	22	0
ASV_447	0	0	0	84	0	96	0	0	104	0	0	0	68	0	0	73	0	0	0	0	477	0
ASV_448	0	0	0	0	0	52	0	0	338	0	10	0	23	0	0	30	0	43	0	0	159	0
ASV_449	74	0	16	0	0	0	0	0	0	98	0	12	0	22	0	0	0	0	0	67	0	17
ASV_450	0	0	0	66	0	0	0	0	0	0	0	0	88	42	0	47	333	0	0	0	0	0
ASV_451	32	0	0	0	19	0	0	41	0	276	0	0	0	133	0	0	0	0	0	13	0	0
ASV_452	0	0	0	29	53	98	0	0	31	11	28	0	104	0	0	51	26	0	30	0	47	0
ASV_453	0	0	0	0	0	0	0	0	0	0	0	116	0	33	0	0	75	0	0	0	0	0
ASV_454	0	0	3	0	15	0	0	114	0	195	0	63	0	0	0	0	0	0	50	82	0	0
ASV_455	54	0	0	0	580	0	0	0	0	89	0	0	0	0	0	0	31	0	0	0	0	56
ASV_456	0	44	0	0	0	0	0	0	0	259	0	188	0	19	0	0	0	0	0	62	0	0
ASV_457	0	0	0	0	0	24	0	0	210	0	0	0	119	0	0	79	0	0	0	0	0	0
ASV_458	0	0	0	0	0	0	0	0	0	0	0	0	0	0	94	0	0	0	36	69	0	47
ASV_459	0	16	0	0	20	0	0	0	10	158	0	0	7	0	0	0	0	0	0	82	16	0
ASV_460	0	0	0	194	0	119	0	0	77	0	6	0	290	28	0	53	61	48	0	0	57	0
ASV_461	0	0	85	0	13	0	0	39	0	112	0	13	0	91	0	0	82	0	0	42	0	0
ASV_462	0	0	0	38	0	0	67	0	31	0	0	0	252	108	0	85	116	24	0	0	25	0
ASV_463	0	51	0	0	0	0	0	0	10	142	0	31	0	0	0	0	0	0	236	148	0	0
ASV_464	0	0	26	39	0	13	0	34	30	69	0	29	0	0	0	21	0	18	0	46	0	0
ASV_465	0	0	0	324	0	23	0	0	42	0	3	0	489	0	0	124	0	36	0	0	26	0
ASV_466	0	0	0	0	0	0	0	31	0	158	0	0	0	0	0	0	0	0	0	104	0	0
ASV_467	0	0	0	89	0	291	0	0	246	0	0	0	88	0	0	83	0	0	0	0	67	0
ASV_468	0	67	0	0	91	0	0	189	0	0	0	0	0	96	0	0	0	0	0	37	0	0
ASV_469	19	0	0	0	24	0	0	0	0	162	0	0	0	50	0	0	0	0	0	32	0	193
ASV_470	0	0	0	19	232	0	0	0	13	0	0	0	0	21	0	0	108	0	0	0	6	57
ASV_471	0	0	4	0	39	0	0	43	0	251	0	19	0	40	0	0	0	0	0	0	0	472
ASV_472	0	0	0	67	40	0	0	13	0	69	0	26	0	0	0	0	0	0	0	0	0	0
ASV_473	0	0	0	336	0	72	0	0	67	11	20	0	249	0	0	103	0	15	0	0	142	0
ASV_474	15	0	0	131	0	63	0	0	33	19	20	63	133	29	0	47	0	0	0	0	25	78
ASV_475	0	0	12	176	0	0	0	0	188	0	15	0	323	0	0	72	0	37	0	0	0	0
ASV_476	47	0	0	0	57	0	111	33	0	0	0	0	0	90	65	0	70	0	0	0	16	0
ASV_477	0	0	6	345	0	73	0	0	38	0	0	0	442	0	0	53	0	32	0	0	46	0
ASV_478	0	0	0	0	0	72	0	0	53	0	0	0	156	0	0	0	0	72	0	0	0	57
ASV_479	0	0	0	137	0	102	0	0	50	0	0	0	132	0	0	76	0	0	0	0	27	0
ASV_480	0	62	0	0	63	0	0	0	0	0	0	48	0	0	0	0	0	0	60	0	7	0
ASV_481	0	0	0	0	0	0	0	0	0	17	0	43	0	45	0	0	66	0	0	0	0	121
ASV_482	0	0	0	29	0	0	0	0	0	0	28	52	59	0	0	51	0	86	0	0	97	0
ASV_483	0	0	11	0	0	0	51	207	0	59	0	0	0	0	0	0	0	0	23	327	0	0
ASV_484	128	73	0	0	42	0	141	15	0	11	0	0	0	0	109	0	45	0	0	144	0	0
ASV_485	0	0	0	204	0	0	0	0	0	0	0	0	21	0	0	0	0	0	0	0	0	0
ASV_486	0	0	0	22	0	0	26	0	0	0	0	116	118	0	0	0	28	0	0	54	0	0
ASV_487	0	0	0	0	0	0	0	0	0	0	0	87	0	0	0	0	0	0	0	0	0	177
ASV_488	0	0	0	43	0	46	0	0	37	0	0	0	315	0	0	47	0	80	0	0	98	0
ASV_489	0	0	0	0	0	0	0	0	0	34	0	0	0	55	0	0	0	0	0	0	0	558
ASV_490	0	0	0	73	0	79	0	0	214	0	17	0	421	0	0	67	0	0	0	0	48	0
ASV_491	0	0	104	0	0	0	0	0	0	49	0	59	0	0	0	0	0	0	0	0	0	338
ASV_492	0	0	0	229	0	0	0	0	40	0	33	0	563	0	0	51	0	3	0	0	75	0
ASV_493	0	39	387	7	32	0	0	150	30	139	0	0	0	0	0	0	0	0	0	0	7	0
ASV_494	0	0	0	0	0	0	123	0	0	0	0	58	0	0	0	0	0	0	33	0	0	18
ASV_495	6	19	0	0	0	10	0	0	0	8	0	0	12	37	0	0	39	21	0	63	0	0
ASV_496	0	0	0	82	0	0	0	0	0	0	0	0	214	0	0	0	0	0	0	66	0	0
ASV_497	0	0	0	0	0	0	0	0	0	9	0	0	0	63	46	0	59	0	0	0	0	60
ASV_498	0	0	0	0	0	0	0	44	0	0	0	197	0	0	0	0	0	0	50	0	0	0
ASV_499	9	0	0	0	62	0	0	66	0	396	0	135	0	0	0	0	0	0	0	178	0	40
ASV_500	0	0	8	133	0	49	0	0	186	0	0	0	267	56	0	95	0	0	0	0	76	0
ASV_501	0	65	0	0	6	0	0	115	0	0	0	0	0	0	0	0	0	0	57	152	0	34
ASV_502	0	0	0	170	0	0	0	0	29	32	0	0	88	5	0	30	0	23	0	0	25	0
ASV_503	0	0	0	87	0	30	0	0	75	0	0	0	152	73	0	67	352	0	0	0	56	0
ASV_504	0	0	0	85	0	25	0	23	29	0	12	28	333	16	0	50	36	0	0	0	16	0
ASV_505	0	0	0	59	0	0	0	22	0	0	0	0	0	0	0	0	131	0	0	0	0	0
ASV_506	0	0	0	90	0	36	0	0	180	0	10	0	0	0	0	34	0	0	0	0	127	0
ASV_507	0	0	0	179	0	101	0	0	53	0	0	0	194	0	0	93	121	0	0	0	0	0
ASV_508	0	0	0	0	0	0	132	42	0	0	0	0	0	0	180	0	0	0	0	0	0	0
ASV_509	0	0	0	0	0	0	0	50	0	58	0	57	0	39	0	0	0	0	28	281	0	0
ASV_510	0	48	0	0	31	0	0	0	0	231	0	88	14	0	0	0	0	0	0	125	0	0
ASV_511	0	0	12	28	0	0	0	0	0	0	21	7	226	6	0	0	0	139	0	0	0	0
ASV_512	22	0	0	0	53	0	0	0	0	26	0	0	0	480	0	0	0	0	0	0	0	0
ASV_513	0	0	0	134	34	0	0	0	49	0	0	49	95	32	0	46	0	15	0	0	57	0
ASV_514	0	0	0	0	0	0	0	0	0	0	0	0	0	0	0	0	317	0	0	0	0	0
ASV_515	0	0	0	0	85	0	0	51	0	118	0	0	0	0	0	0	0	0	0	54	0	0
ASV_516	0	0	0	53	0	0	0	0	0	70	0	0	17	68	0	0	78	20	0	0	0	0
ASV_517	0	0	0	0	117	0	0	0	0	68	0	22	0	162	0	0	0	0	50	0	0	46
ASV_518	54	0	0	0	44	0	0	0	0	35	0	0	0	50	0	0	0	0	0	85	0	0
ASV_519	0	0	0	0	54	0	0	41	9	135	0	146	0	0	0	0	0	0	107	8	0	5
ASV_520	0	45	0	25	0	0	147	0	0	0	0	0	0	92	0	0	0	0	0	0	0	0
ASV_521	0	0	0	0	0	0	0	0	0	0	0	28	0	0	0	0	0	18	0	0	18	244
ASV_522	0	0	0	0	30	0	0	0	0	244	0	51	0	0	0	0	29	0	0	32	0	41
ASV_523	0	0	0	0	0	0	0	0	0	183	0	18	0	104	0	0	0	0	0	11	0	53
ASV_524	0	0	0	88	0	12	0	0	109	14	0	0	320	45	0	0	0	41	0	0	21	0
ASV_525	0	0	0	0	20	0	0	0	0	55	0	0	0	60	0	0	0	0	0	14	0	101
ASV_526	65	0	0	0	29	0	0	32	0	219	0	0	0	26	0	0	0	0	16	0	0	0
ASV_527	0	0	0	0	269	0	0	0	14	0	0	28	0	174	0	0	0	0	0	0	27	0
ASV_528	0	0	0	0	0	0	0	0	0	161	0	0	0	52	0	0	0	0	0	75	0	0
ASV_529	112	62	0	0	131	0	0	0	0	80	0	0	0	0	0	0	0	0	0	0	0	0
ASV_530	0	0	0	104	0	0	0	0	120	0	69	0	410	0	0	66	0	0	0	0	103	0
ASV_531	0	0	0	0	381	0	0	0	0	0	0	223	0	59	0	0	0	0	37	0	0	0
ASV_532	0	0	0	0	0	0	0	0	0	0	0	41	0	67	0	0	0	0	0	0	0	517
ASV_533	0	0	0	92	0	35	0	0	136	0	0	0	124	0	0	67	0	19	0	0	33	0
ASV_534	0	0	0	164	0	13	0	0	29	0	30	0	394	0	0	62	0	28	0	0	116	0
ASV_535	0	0	0	24	0	9	0	0	4	176	0	0	0	48	0	0	0	0	0	0	19	0
ASV_536	0	0	0	0	62	0	0	0	0	351	0	0	0	0	0	0	0	0	0	70	0	0
ASV_537	0	0	0	0	112	0	0	47	0	0	0	0	0	29	0	0	259	0	0	0	0	102
ASV_538	0	0	0	99	0	33	0	0	33	0	0	0	74	58	0	0	0	0	0	0	36	0
ASV_539	0	0	0	205	0	12	0	0	32	0	19	0	53	0	0	18	0	0	0	0	15	0
ASV_540	0	0	0	0	0	77	0	0	203	0	0	0	0	161	0	106	0	61	0	0	17	0
ASV_541	0	0	0	0	41	11	0	0	0	103	0	0	0	75	0	0	0	0	0	0	0	0
ASV_542	0	0	0	362	0	28	0	0	68	0	0	0	315	0	0	29	0	25	0	0	11	0
ASV_543	0	26	0	28	27	0	0	0	0	0	0	44	52	30	0	0	0	0	0	0	0	0
ASV_544	0	0	0	0	0	0	0	2	0	521	0	15	0	46	0	0	0	0	0	0	0	0
ASV_545	0	0	0	0	0	0	0	0	0	0	29	0	0	0	0	39	0	155	0	0	0	0
ASV_546	0	0	19	0	15	0	0	29	6	171	0	0	0	0	0	0	0	0	20	134	0	0
ASV_547	0	0	0	0	67	0	113	18	0	17	0	0	0	0	0	0	0	0	9	0	0	38
ASV_548	0	0	0	0	0	0	0	0	29	0	0	190	0	0	0	0	0	0	0	0	0	0
ASV_549	0	0	0	78	57	0	0	0	0	0	0	0	0	101	0	0	40	16	90	0	0	0
ASV_550	0	0	249	0	0	0	0	16	0	0	0	141	0	39	0	0	0	0	260	18	0	0
ASV_551	0	0	24	0	0	0	0	0	0	57	0	0	0	25	0	0	53	0	0	0	0	73
ASV_552	0	0	0	0	78	0	0	25	0	0	0	63	0	26	0	0	0	0	129	19	0	0
ASV_553	0	0	34	21	0	0	0	0	15	213	10	0	70	0	0	0	0	0	0	121	31	0
ASV_554	0	0	0	0	0	0	0	0	0	44	0	0	0	0	0	0	202	0	0	0	0	0
ASV_555	0	26	18	0	104	3	51	35	5	0	0	0	0	0	0	0	0	0	90	157	0	320
ASV_556	0	0	0	0	0	0	0	0	0	0	0	89	0	0	0	0	0	0	0	425	0	0
ASV_557	0	0	19	0	32	0	0	0	0	0	0	0	0	100	0	0	80	0	0	0	0	0
ASV_558	0	0	0	74	0	0	156	0	47	0	0	0	39	0	0	0	39	0	0	25	35	0
ASV_559	0	0	18	0	65	0	0	159	0	0	0	0	0	0	0	0	79	0	0	0	0	0
ASV_560	0	46	0	49	53	0	0	0	0	0	0	15	37	0	0	44	59	0	112	0	0	0
ASV_561	0	0	0	75	0	0	0	0	32	0	0	0	41	0	0	27	435	6	0	0	0	0
ASV_562	0	0	0	284	0	0	0	0	37	0	0	0	149	0	0	62	31	0	0	0	0	0
ASV_563	0	42	9	0	0	0	216	0	4	0	0	0	12	26	0	0	0	5	0	0	0	0
ASV_564	0	0	0	0	0	11	0	55	16	209	0	18	14	0	0	0	0	0	0	84	0	0
ASV_565	0	0	0	0	0	0	0	54	0	325	0	0	0	9	0	0	0	0	0	35	0	0
ASV_566	0	0	28	148	0	0	0	0	0	143	0	0	118	0	0	0	0	0	0	0	0	0
ASV_567	0	0	0	0	0	3	0	0	0	0	0	0	45	58	0	0	163	0	0	0	0	0
ASV_568	0	6	0	0	0	0	0	0	0	243	0	20	0	42	0	0	0	0	0	59	0	0
ASV_569	0	0	0	284	0	0	0	0	10	0	0	0	107	0	0	5	0	10	0	0	0	0
ASV_570	0	0	0	287	0	65	0	0	73	0	0	0	165	0	0	31	0	0	0	0	26	0
ASV_571	0	0	7	0	0	0	0	37	271	0	0	0	35	41	0	0	0	0	0	0	14	0
ASV_572	0	0	0	105	0	79	0	0	134	0	0	0	330	0	0	88	0	0	0	0	30	0
ASV_573	0	0	0	0	0	0	0	13	0	133	0	91	0	0	0	0	0	0	0	0	0	31
ASV_574	81	0	0	0	0	4	0	0	0	0	0	0	0	38	0	0	13	0	0	78	7	0
ASV_575	0	0	0	91	0	58	0	0	63	0	0	0	65	58	0	0	102	0	0	0	58	0
ASV_576	0	0	0	0	0	0	0	0	0	57	0	0	0	0	0	0	0	0	0	49	0	243
ASV_577	0	0	0	97	0	0	0	0	50	0	0	0	352	10	0	57	0	0	0	0	0	0
ASV_578	0	0	11	0	258	0	0	0	0	27	0	0	0	21	0	0	37	0	0	0	0	92
ASV_579	17	0	0	0	126	0	0	27	0	82	0	191	0	39	0	0	0	0	42	84	0	0
ASV_580	0	0	0	0	0	0	0	52	0	0	0	469	0	0	0	0	0	0	0	46	0	0
ASV_581	0	0	0	0	0	0	0	0	0	48	0	36	0	0	0	0	0	0	0	0	0	218
ASV_582	0	0	0	71	0	0	0	0	35	0	0	0	44	111	0	34	0	0	0	0	13	16
ASV_583	0	0	0	0	0	0	0	0	0	0	0	86	0	0	0	0	0	0	0	0	0	162
ASV_584	0	5	17	0	0	0	0	102	0	157	0	0	0	0	0	0	0	0	9	37	0	0
ASV_585	16	0	0	0	0	0	0	0	0	200	0	0	0	25	0	0	0	0	0	0	0	0
ASV_586	0	0	0	0	48	0	0	0	0	58	0	16	0	0	0	0	0	0	0	41	0	305
ASV_587	0	0	0	151	0	0	0	0	55	0	63	0	64	0	0	66	0	0	0	0	66	0
ASV_588	0	0	0	0	0	0	0	0	0	368	0	0	0	0	0	0	0	0	0	14	0	0
ASV_589	7	0	17	0	64	0	0	27	0	0	0	0	0	158	0	0	50	0	0	0	0	0
ASV_590	0	0	0	0	158	0	0	101	0	53	0	56	0	0	0	0	0	0	0	0	0	0
ASV_591	0	0	0	144	0	82	0	0	137	0	17	0	170	0	0	52	0	0	0	0	38	0
ASV_592	0	0	5	0	49	0	0	16	0	246	0	72	0	125	0	0	0	0	0	0	0	0
ASV_593	16	33	0	0	9	0	0	0	0	29	0	89	0	17	0	0	0	0	0	31	0	0
ASV_594	0	0	0	186	0	24	0	0	81	0	34	0	134	0	0	54	0	0	0	0	67	0
ASV_595	0	0	0	132	0	0	0	0	49	0	0	0	224	0	0	0	77	0	0	0	0	0
ASV_596	86	0	0	0	37	0	0	0	0	49	0	31	0	0	0	0	0	0	0	0	0	0
ASV_597	0	0	0	0	54	0	0	0	0	0	0	198	0	28	0	0	21	0	0	0	0	0
ASV_598	0	0	0	298	0	0	0	0	35	0	0	0	82	0	0	33	0	120	0	0	27	0
ASV_599	0	0	0	130	0	47	0	0	94	0	0	0	295	0	0	0	0	39	0	0	72	0
ASV_600	95	0	0	0	0	0	257	0	0	0	0	0	0	0	0	0	0	12	0	0	0	0
ASV_601	0	0	0	0	9	0	0	0	0	0	0	0	0	0	0	0	0	0	0	0	0	224
ASV_602	0	0	0	155	0	107	0	0	99	0	41	0	130	0	0	0	0	115	0	0	0	0
ASV_603	0	0	5	0	0	0	0	0	0	0	0	0	0	0	0	0	72	0	0	8	0	379
ASV_604	0	0	0	0	0	0	0	0	25	0	0	0	125	0	0	41	0	39	0	0	0	0
ASV_605	0	0	0	17	17	0	0	0	16	0	0	0	19	72	0	3	54	5	5	0	30	0
ASV_606	0	0	0	0	42	0	0	20	0	110	0	22	0	0	0	0	0	0	0	65	0	0
ASV_607	0	0	0	125	0	40	0	0	36	0	0	0	305	0	0	36	0	16	0	0	43	12
ASV_608	0	0	0	0	80	0	0	0	0	0	0	0	0	76	0	0	0	0	0	0	0	123
ASV_609	0	0	0	0	0	0	0	33	0	160	0	18	0	0	0	0	0	0	0	0	0	0
ASV_610	0	0	0	0	0	0	0	0	0	23	0	36	0	0	0	0	0	0	0	319	0	0
ASV_611	0	0	0	0	0	0	0	0	0	0	0	0	208	105	0	0	35	0	0	0	63	0
ASV_612	0	0	0	14	0	0	0	45	9	207	0	14	0	36	0	0	0	0	0	50	0	0
ASV_613	0	0	0	0	36	0	0	0	0	98	0	0	0	0	0	0	45	0	0	0	0	104
ASV_614	0	0	0	16	0	19	0	0	0	0	0	0	0	268	0	18	35	0	0	0	0	0
ASV_615	63	0	0	0	0	0	0	0	0	82	0	0	0	63	0	0	0	0	0	19	0	0
ASV_616	0	0	0	26	0	37	0	0	291	0	0	0	53	0	0	35	0	0	0	0	74	0
ASV_617	0	0	41	0	20	0	0	71	0	11	0	28	0	32	0	0	126	0	0	0	0	0
ASV_618	0	0	0	189	0	37	0	0	0	0	0	0	58	0	0	11	0	15	0	0	75	0
ASV_619	0	0	0	0	0	0	0	48	0	124	0	28	0	0	0	0	0	0	0	218	0	0
ASV_620	0	0	0	75	0	21	0	0	0	0	0	0	242	25	0	0	95	23	0	0	15	0
ASV_621	0	0	0	110	0	45	0	0	0	0	0	0	192	0	0	27	77	0	0	0	0	0
ASV_622	0	0	0	0	15	0	0	0	0	230	0	0	0	0	0	0	0	0	0	0	0	0
ASV_623	0	0	0	92	0	122	0	0	50	0	0	0	82	0	0	69	0	92	0	0	84	0
ASV_624	75	37	0	0	0	0	174	0	0	0	0	0	0	0	0	0	62	0	0	0	0	0
ASV_625	0	0	0	0	44	0	0	0	0	44	0	0	0	0	0	0	0	0	0	128	0	64
ASV_626	0	0	15	0	0	0	0	0	0	110	0	0	0	43	0	0	0	0	0	64	0	0
ASV_627	0	0	0	0	0	0	0	0	0	161	0	0	0	0	0	0	0	0	0	102	0	0
ASV_628	0	0	63	0	0	0	0	0	0	0	0	31	0	22	0	0	332	0	0	0	0	0
ASV_629	0	0	7	0	106	0	0	0	0	48	0	27	0	0	0	0	0	0	0	99	0	0
ASV_630	0	0	0	0	78	0	0	0	0	71	0	0	0	0	0	0	39	14	0	50	0	83
ASV_631	0	0	0	54	0	16	0	0	0	0	0	0	42	46	0	41	209	13	0	0	0	0
ASV_632	0	0	14	0	80	0	0	207	0	23	0	14	0	0	0	0	0	0	0	61	0	0
ASV_633	0	0	0	61	0	8	0	24	0	166	0	0	44	18	0	0	0	0	0	66	0	0
ASV_634	0	40	0	0	0	0	0	0	0	221	0	0	0	0	0	0	0	0	0	0	0	0
ASV_635	0	0	0	0	0	0	0	38	0	0	0	163	0	0	0	0	0	0	66	152	0	13
ASV_636	0	0	0	0	0	0	0	0	0	0	31	0	73	0	0	0	0	199	0	0	0	0
ASV_637	0	0	0	101	0	19	0	0	46	35	12	9	50	0	0	26	43	10	0	0	0	0
ASV_638	0	0	0	101	0	35	0	0	42	0	25	0	140	0	0	33	0	0	0	0	46	0
ASV_639	0	0	0	0	0	0	0	0	0	0	0	146	24	0	0	0	0	0	0	0	37	0
ASV_640	0	0	0	142	0	13	0	0	33	0	0	0	254	0	0	56	0	18	0	0	38	0
ASV_641	0	0	0	69	0	38	0	0	117	0	28	0	204	0	0	46	0	23	0	0	52	0
ASV_642	0	0	0	0	0	0	0	0	0	138	0	0	0	0	0	0	0	0	8	70	0	21
ASV_643	0	0	5	45	0	0	0	0	23	0	0	51	83	0	0	7	0	0	0	0	0	0
ASV_644	0	0	0	133	0	0	0	0	39	0	0	0	164	0	0	118	0	17	0	0	0	0
ASV_645	0	0	0	28	0	0	0	0	12	0	0	36	97	0	0	0	0	0	0	0	32	0
ASV_646	0	0	0	0	40	0	0	12	0	0	0	0	0	0	0	0	0	0	0	78	0	205
ASV_647	78	94	9	0	14	0	6	101	0	0	0	0	0	0	0	0	0	0	112	0	0	41
ASV_648	19	0	0	0	0	0	0	0	0	0	0	0	0	18	0	0	0	0	0	182	5	0
ASV_649	0	6	0	0	0	0	0	0	0	64	0	15	0	0	0	0	70	0	0	0	0	51
ASV_650	0	0	0	74	0	0	0	0	11	0	23	0	79	0	0	0	0	53	0	35	0	0
ASV_651	0	0	127	0	0	0	0	16	0	0	0	0	0	0	0	0	0	0	0	0	0	66
ASV_652	0	0	0	0	33	0	0	32	0	273	0	0	0	0	0	0	0	0	0	16	0	0
ASV_653	0	0	0	54	0	0	0	0	64	0	27	0	200	0	0	14	0	0	19	0	13	0
ASV_654	0	0	0	97	0	12	0	0	61	0	0	0	131	0	0	9	0	0	0	0	38	0
ASV_655	0	0	0	0	119	0	0	0	0	51	0	0	0	0	0	0	0	0	0	107	0	0
ASV_656	0	0	0	65	0	13	0	0	47	0	0	0	173	0	0	0	0	0	0	0	0	0
ASV_657	0	0	0	0	0	0	0	0	0	0	0	0	0	26	0	0	0	0	0	0	0	235
ASV_658	0	0	0	20	0	0	45	0	10	0	8	0	236	0	0	24	0	38	0	0	5	9
ASV_659	0	0	0	54	0	0	0	0	54	0	0	0	86	0	0	10	0	0	0	0	26	0
ASV_660	0	0	0	134	0	45	0	52	36	0	0	0	40	0	0	0	0	19	0	0	0	0
ASV_661	0	0	16	0	0	0	0	0	0	107	0	12	0	43	0	0	0	0	0	23	0	21
ASV_662	0	0	0	185	0	30	0	0	0	0	0	0	38	0	0	22	0	44	0	0	0	0
ASV_663	0	0	0	0	0	0	0	92	0	52	0	22	0	47	0	0	0	0	0	0	0	120
ASV_664	0	0	46	0	22	0	0	12	0	97	0	16	0	22	0	0	17	0	0	0	0	0
ASV_665	0	0	168	0	0	0	0	77	0	101	0	24	0	0	0	0	0	0	0	9	0	0
ASV_666	0	0	0	0	86	0	0	0	0	52	0	0	0	0	0	0	0	0	0	143	0	0
ASV_667	0	38	0	0	0	0	0	20	0	66	0	0	0	0	3	0	0	0	132	52	0	0
ASV_668	0	0	0	0	0	0	0	0	0	0	0	170	0	74	0	0	89	9	7	0	0	36
ASV_669	0	0	0	0	84	0	0	0	0	27	0	0	0	0	0	0	119	0	0	0	0	0
ASV_670	0	0	0	0	0	0	0	203	0	28	0	7	0	0	0	0	0	0	0	56	0	0
ASV_671	0	0	0	134	0	36	0	0	60	0	48	0	17	0	0	138	0	0	0	0	72	0
ASV_672	0	0	206	0	0	0	0	0	4	0	0	21	0	0	0	0	0	0	0	0	0	0
ASV_673	0	0	115	0	13	0	0	71	14	28	0	12	0	0	0	0	0	0	0	48	0	0
ASV_674	28	0	0	0	0	0	0	0	0	0	0	0	0	0	173	0	0	0	0	0	0	0
ASV_675	0	0	0	0	0	86	0	0	31	73	0	0	30	0	0	14	0	0	0	0	0	0
ASV_676	0	0	0	13	0	5	0	0	17	0	0	0	23	0	0	0	0	0	0	0	151	0
ASV_677	0	0	0	0	20	0	26	0	0	33	0	0	0	0	0	0	0	0	0	156	0	0
ASV_678	0	24	0	0	0	0	0	63	0	74	0	0	0	0	0	0	0	0	8	9	0	42
ASV_679	0	0	0	0	0	0	0	0	0	0	0	25	120	67	0	0	0	26	0	0	0	0
ASV_680	0	0	0	70	0	43	0	0	43	0	0	0	110	0	0	76	0	13	0	0	84	0
ASV_681	0	0	0	0	60	0	0	18	0	48	0	60	0	0	0	0	0	0	0	0	9	51
ASV_682	0	0	0	0	203	0	0	0	0	16	0	43	0	29	0	0	0	0	32	0	0	0
ASV_683	0	0	0	0	0	0	0	0	0	114	0	0	0	70	0	0	0	0	0	25	0	0
ASV_684	37	0	0	0	26	0	0	5	0	17	0	24	0	21	0	0	0	0	0	0	0	115
ASV_685	0	0	0	0	10	0	60	0	0	121	0	0	0	0	0	0	0	0	0	29	0	0
ASV_686	0	0	0	17	0	26	0	0	39	0	9	0	66	0	0	10	56	0	0	0	121	0
ASV_687	0	0	0	0	0	30	0	0	0	0	0	0	26	47	0	0	229	0	0	0	0	0
ASV_688	0	0	0	45	0	11	0	0	96	0	0	0	74	0	0	30	0	0	0	0	33	0
ASV_689	0	0	0	42	0	20	0	0	63	0	0	0	176	0	0	23	0	22	0	0	65	0
ASV_690	0	0	0	0	0	0	0	0	0	76	0	0	0	41	0	0	7	0	0	0	0	97
ASV_691	0	0	0	0	0	0	0	0	0	21	5	27	88	0	0	0	0	21	0	0	0	50
ASV_692	0	51	0	0	0	0	0	5	0	123	0	0	0	0	0	0	0	0	0	36	0	97
ASV_693	63	0	0	0	0	35	0	0	51	0	0	0	57	0	0	92	0	0	0	0	29	0
ASV_694	0	0	0	67	0	40	0	0	67	0	0	0	38	0	0	69	0	35	0	0	54	0
ASV_695	0	0	0	106	0	0	0	0	0	0	0	0	67	0	0	0	0	69	0	0	48	0
ASV_696	0	0	0	60	0	13	0	0	26	0	7	0	72	0	0	21	0	23	0	0	8	0
ASV_697	0	0	0	49	0	17	0	0	25	8	0	0	43	0	0	0	85	0	0	0	23	0
ASV_698	0	0	0	80	0	19	0	0	8	0	0	0	103	0	0	29	0	0	0	0	0	0
ASV_699	0	0	69	0	0	0	0	7	0	34	0	16	0	27	0	0	0	0	0	0	0	55
ASV_700	0	0	0	29	0	60	0	0	43	0	79	0	46	0	0	0	0	76	0	0	0	0
ASV_701	0	0	0	37	0	44	0	0	12	0	0	56	48	60	0	9	39	0	0	0	16	0
ASV_702	0	0	0	79	0	0	0	0	35	0	0	0	26	0	0	41	101	0	0	0	0	0
ASV_703	0	0	0	89	0	0	0	0	0	0	0	0	44	0	0	25	50	0	0	0	0	0
ASV_704	0	0	0	65	0	48	0	0	30	0	47	0	57	0	0	24	0	0	0	0	25	0
ASV_705	0	0	0	41	0	6	0	0	0	0	0	0	93	59	0	27	0	5	0	0	0	0
ASV_706	0	0	0	58	0	0	0	0	0	0	0	0	37	24	0	23	43	5	0	0	24	0
